,2020,2019,2018,2017,2016,2015,2014,2013,2012,2011,2010,2009,2008,2007,2006,2005,2004,2003,2002,2001,2000,1999,1998,1997,1996,1995,1994,1993,1992,1991,1990,1989,1988,1987,1986,1985
revenuePerShare,15.820258033039078,13.99112007473575,13.27946050776093,10.912387855190289,9.801271971377462,10.085975154102256,7.463457455495672,6.55128794848206,5.91310261447786,4.127230440750343,2.519117874246872,1.6894392817766577,1.2857878068091846,0.9640963855421687,0.7860573009930002,0.5807487076871769,0.3817318332718554,0.3049223816073885,0.28341559723593285,0.2770717090307915,0.39558969276511396,0.3144351035472627,0.3158762228838792,0.5014872521246458,0.7094516594516594,0.8027576197387518,0.6909022556390978,0.5970808383233533,0.5165451895043732,0.46830463182897863,0.3944081748509793,0.366638912017763,0.27983227935111354,0.1805291723202171,0.13200999444752914,0.13834391229082516
netIncomePerShare,3.3085872682177895,2.9714473039181417,2.9764851126245446,2.301686770663626,2.0765757240402807,2.3042190590169045,1.6131798138167566,1.4196948788715118,1.5767341695632462,0.9883330791520513,0.5412096400432566,0.324263663569066,0.19136975455265243,0.14040160642570282,0.08094579195832655,0.0556528264132066,0.012725931390630763,0.003389663981135783,0.0032082922013820336,-0.0012915891713163876,0.03894945490584737,0.030807873692843962,0.016429179072735008,-0.07400849858356941,-0.05887445887445888,0.03076923076923077,0.02330827067669173,0.006511976047904192,0.038629737609329445,0.023010688836104513,0.03370706783990917,0.0315015265056897,0.027495188342040143,0.014721845318860245,0.010688506385341476,0.004399884593190999
operatingCashFlowPerShare,4.649230448454163,3.7315712296616437,3.8716155987799468,3.057347993751347,3.0103461986760314,3.5070357352898784,2.438061407806631,2.057114382091383,1.9214145383104126,1.4308754003355193,0.7181754982233894,0.40002362576783745,0.379889152810768,0.21967871485943774,0.09034673612241576,0.10567783891945973,0.04306528956104758,0.01419728826881509,0.004442250740375123,0.009557759867741268,0.040931615460852326,0.04090629485339348,0.04120586984262016,0.013314447592067988,0.03744588744588745,-0.01741654571843251,0.05541353383458646,-0.04872754491017964,0.06712827988338192,0.014029097387173397,0.06840760715299461,0.03517901748542881,0.020208963431399506,0.012754409769335142,0.02186285397001666,0.019114252740911712
freeCashFlowPerShare,4.2280138811865,3.167191986599878,3.20598010963361,2.46463425501724,2.431557587694156,3.0112708824976884,2.037399967336273,1.7092149647347439,1.566193138884691,1.1467515632148848,0.6362583037231577,0.35226019845644985,0.3324228028503563,0.18008032128514057,0.06360898583753866,0.09483908620977155,0.034950202877167096,0.006140695617999607,-0.004146100691016782,-0.0024281876420748087,0.03562933597621407,0.038497026860775066,0.0382284134410889,-0.017634560906515582,0.03261183261183261,-0.02895500725689405,0.043383458646616545,-0.06467065868263473,0.05291545189504373,-0.002152612826603325,0.052512063582174286,0.018595614765473216,0.010310695628265053,0.006919945725915875,0.017212659633536923,0.01521927293710329
cashPerShare,2.190856344403816,2.626635516732621,1.2956217554457312,0.9658315834211145,0.931043341240202,0.9114339912056977,0.5652457945451576,0.546573137074517,0.40599969774822425,0.37421839255757205,0.43492198362428547,0.20723736021420697,0.47011084718923196,0.3755823293172691,0.26013348526778446,0.1455310988827747,0.1368959793434157,0.16683041854981331,0.11115498519249753,0.11934283942963422,0.05901883052527255,0.06797211400451098,0.0787430880476393,0.08711048158640226,0.11197691197691198,0.054862119013062406,0.09045112781954887,0.05059880239520958,0.03637026239067055,0.044833729216152016,0.02661084303150724,0.030391340549542047,0.025570525158097334,0.038331071913161464,0.03997779011660189,0.024307559145989612
bookValuePerShare,3.765476712094932,4.866083749039829,5.357233212315972,6.381133927884575,5.82920218076131,5.150767235812313,4.554425934999183,4.735855565777369,4.466147801118332,2.9211148391032484,1.8457824810752357,1.2458654906284454,0.832541567695962,0.5836144578313253,0.40631613218297247,0.3112389528097382,0.23404647731464404,0.2074572607584987,0.20212240868706813,0.2025211820624096,0.2035183349851338,0.15911420955505434,0.08730327520204169,0.08498583569405099,0.1484848484848485,0.210522496371553,0.17917293233082707,0.15164670658682636,0.15940233236151605,0.13116092636579574,0.10268237297757593,0.10310852067721343,0.06894418476766566,0.056716417910447764,0.048167684619655746,0.039671090594345065
tangibleBookValuePerShare,18.66561657397578,18.2040403853546,18.285851368440166,17.485031490803344,14.229545726845592,12.141060291185898,9.108321084435735,7.714044771542472,6.449486171981261,4.2679197803873725,2.8618878418044185,1.848401323042999,1.5444576405384007,1.004417670682731,0.6929838840957186,0.4759463064865766,0.36554776835116193,0.3294360385144429,0.3049851924975321,0.307139904939037,0.3371159563924678,0.26455812999794953,0.22804125903870692,0.29978753541076486,0.38701298701298703,0.4521770682148041,0.3987218045112782,0.38705089820359284,0.30787172011661806,0.25935273159144895,0.21118365029804145,0.1903968914793228,0.14311245532031894,0.10027137042062415,0.08051082731815658,0.0675129832660127
shareholdersEquityPerShare,3.765476712094932,4.866083749039829,5.357233212315972,6.381133927884575,5.82920218076131,5.150767235812313,4.554425934999183,4.735855565777369,4.466147801118332,2.9211148391032484,1.8457824810752357,1.2458654906284454,0.832541567695962,0.5836144578313253,0.40631613218297247,0.3112389528097382,0.23404647731464404,0.2074572607584987,0.20212240868706813,0.2025211820624096,0.2035183349851338,0.15911420955505434,0.08730327520204169,0.08498583569405099,0.1484848484848485,0.210522496371553,0.17917293233082707,0.15164670658682636,0.15940233236151605,0.13116092636579574,0.10268237297757593,0.10310852067721343,0.06894418476766566,0.056716417910447764,0.048167684619655746,0.039671090594345065
interestDebtPerShare,6.19175099018166,5.45089787655738,5.446831259078552,5.308146403102086,3.8628935503477004,2.6998211138172183,1.4567613914747672,0.6553204538485127,0.041106241499168805,0.019788012810736617,0.012011432102579947,0.016026145849740117,0.02585114806017419,0.02598393574297189,0.016034510825329643,0.007628814407203602,0.0030431575064551824,0.0045195519748477105,0.01880552813425469,0.03068815871047737,0.042418235877106046,0.03214066024195202,0.054870267971076137,0.06990084985835694,0.08189033189033189,0.059216255442670535,0.045112781954887216,0.06646706586826347,0.018002915451895043,0.01105997624703088,0.008728356514334373,0.00395503746877602,0.021652460819356612,0.0,0.0,0.0
marketCap,1996361343006.3572,1157811801245.652,1061223154160.436,875562090240.0,647108059650.0,667824994320.0,643588530000.0,493696773167.99994,570952556304.0,380090563208.0,285588760000.0,183649370884.0,83078346540.0,164597889300.0,70574297796.0,48652797432.00001,18415432616.0,8215091276.0,5647475000.0,6093675276.0,6959395880.0,12976311932.0,5961458912.0,2088051480.0000002,3031875000.0,4275493040.0,5002342800.0,3608389040.0000005,5971876960.0,6164639008.0,3774640844.0,5822707416.0,5000875000.0,4672049360.0,2122600968.0,1114069448.0
enterpriseValue,2065785343006.3572,1206754801245.652,1141009154160.436,964457090240.0,710156059650.0,708532994320.0,665039530000.0,496397773167.99994,560206556304.0,370275563208.0,274327760000.0,178386370884.0,71203346540.0,155245889300.0,64182297796.0,45161797432.00001,15446432616.0,4819091276.0,3711475000.0,4100675276.0,6068395880.0,11950311932.0,5434458912.0,1834051480.0000002,2614875000.0,4283493040.0,4395342800.0,3762389040.0000005,5656876960.0,5709639008.0,3522640844.0,5441707416.0,4943875000.0,4107049360.0,1546600968.0,777069448.0
peRatio,34.773150493918536,20.953594202360865,17.826395561311518,18.108458775206305,14.163942908267124,12.507491372064278,16.289256643887622,13.329826205362204,13.68108107023219,14.662856384846847,20.380272604010564,22.301077217243474,17.186252904426976,47.081776115560636,35.48230155656108,36.444043020224726,66.72258194202898,119.05929385507247,86.88423076923077,-243.74701104000002,8.854193231552165,21.59120121797005,19.29274728802589,-1.9981353875598087,-3.715533088235294,10.083709999999998,16.136589677419355,41.475736091954026,11.26769237735849,19.885932283870968,7.946612303157894,12.825346731277534,12.5021875,21.53018138248848,13.783123168831171,18.263433573770488
priceToSalesRatio,7.272321523437178,4.450144139097881,3.9956443237276154,3.819512333423489,3.000886016212281,2.8574331742506898,3.520821302552039,2.888635967281025,3.648072662764843,3.5112616579183182,4.378516826370256,4.280372238293905,2.5579096197543025,6.8565312546863275,3.6538595804297174,3.492412420644606,2.224354706607078,1.3235204246818109,0.9835379658655522,1.1362437583442104,0.871777011148691,2.115473089664167,1.0034436815350953,0.2948808755825449,0.3083367232787552,0.38650271560296506,0.5443838067254325,0.4523491337595587,0.8426523155072667,0.9771182450467586,0.6791365318459878,1.1019506843300528,1.2284143944976664,1.7557494776399851,1.1159836845425868,0.5808495557872784
pocfratio,24.74603147242429,16.685330968650863,13.704873236051812,13.632730093265863,9.770470922226751,8.217766277656093,10.77803041213806,9.19943303335445,11.226847496932516,10.127916097098243,15.358363000806667,18.07750476267349,8.657601765318883,30.09102180987203,31.790224232432433,19.19242502248521,19.716737276231264,28.425921370242218,62.749722222222225,32.93878527567568,8.425418740920097,16.26104252130326,7.692205047741936,11.106656808510639,5.841763005780346,-17.814554333333334,6.787439348710991,-5.542840307219663,6.484122649294245,32.61713760846561,3.9156025352697093,11.48463001183432,17.009778911564624,24.851326382978726,6.7384157714285715,4.204035652830189
pfcfRatio,27.211358863304806,19.658581249077223,16.550321332487577,16.911231317649786,12.096156039591005,9.570709884490814,12.897565731462926,11.071916868535546,13.77315955767839,12.6372498323636,17.335726599490105,20.52865759937402,9.893812854590925,36.70782544603033,45.153101596928984,21.385845025054948,24.294765984168865,65.720730208,-67.23184523809523,-129.6526654468085,9.679271043115438,17.27871096138482,8.291319766342141,-8.385748915662651,6.707688053097345,-10.715521403508772,8.669571577123051,-4.176376203703704,8.225725840220386,-212.57375889655174,5.100866005405406,21.726520208955225,33.339166666666664,45.804405490196075,8.558874870967742,5.279949990521327
pbRatio,30.553901085207258,12.795197166979623,9.904366469993896,6.531754461047245,5.045716221179113,5.5952829317582005,5.769662384465741,3.9959592806740645,4.829985249166737,4.961046312184298,5.975785398924483,5.804341684070796,3.9504682139800287,11.326581977704377,7.068739763221154,6.516581493704797,3.627941807722616,1.94532116410135,1.379114774114774,1.554508998979592,1.6945205454102752,4.180512864690721,3.6306083507917175,1.7400429000000002,1.4732142857142856,1.4737997380213719,2.0991786823331937,1.7810409871668311,2.7306250388660263,3.488760049801924,2.6085976807187286,3.9183764576043068,4.985917248255234,5.588575789473684,3.0585028357348705,2.0255808145454544
ptbRatio,30.553901085207258,12.795197166979623,9.904366469993896,6.531754461047245,5.045716221179113,5.5952829317582005,5.769662384465741,3.9959592806740645,4.829985249166737,4.961046312184298,5.975785398924483,5.804341684070796,3.9504682139800287,11.326581977704377,7.068739763221154,6.516581493704797,3.627941807722616,1.94532116410135,1.379114774114774,1.554508998979592,1.6945205454102752,4.180512864690721,3.6306083507917175,1.7400429000000002,1.4732142857142856,1.4737997380213719,2.0991786823331937,1.7810409871668311,2.7306250388660263,3.488760049801924,2.6085976807187286,3.9183764576043068,4.985917248255234,5.588575789473684,3.0585028357348705,2.0255808145454544
evToSales,7.52521845074534,4.638260553497475,4.29604907532309,4.207303847771273,3.293263554598194,3.0316111260295657,3.638171339478651,2.904439606623369,3.5794116358524803,3.420591074356345,4.20586830203143,4.15770588239133,2.1922887570430123,6.466961980338249,3.3229250735697646,3.2418202162084566,1.8657365160043484,0.7763962100853875,0.6463732149076976,0.764623396606377,0.7601648352749593,1.9482086618845778,0.9147380764181114,0.2590102358423952,0.26592850605105256,0.3872259121316218,0.4783265643704429,0.4716546370816097,0.798204735431071,0.9049990502456807,0.633796481468154,1.029846218016654,1.214412920658315,1.543423284479519,0.8131445678233439,0.4051456976016684
enterpriseValueOverEBITDA,26.709057496462002,14.741690706641242,13.33796032731438,12.595921198396217,9.68399028609221,8.384509725105023,10.758894245547053,8.701405363343149,9.316899885311337,10.133985527615085,13.800571486064996,13.506956226546528,8.87711588829323,25.995627813127932,18.673930112307243,20.74496896279284,25.787032747913187,16.17144723489933,13.952913533834586,12.168175893175075,3.5036927713625867,10.983742584558824,10.49123342084942,-2.0022396069868997,-2.2957638279192274,5.02168,6.54068869047619,10.336233626373629,4.984032563876652,8.110282681818182,3.5872106354378817,6.262033850402762,6.7355245231607626,8.538564158004158,4.284213207756233,4.796724987654321
evToOperatingCashFlow,25.60658133979172,17.39065298447424,14.735247490255393,15.016848427247956,10.722411856230465,8.71868917283981,11.137265419590374,9.249762851116161,11.015544995752714,9.866385014468811,14.75277009948911,17.559441961216656,7.42010697582326,28.381332595978062,28.91094495315315,17.815304706903355,16.537936419700213,16.6750563183391,41.23861111111111,22.1658123027027,7.346726246973366,14.975328235588972,7.0122050477419355,9.755592978723406,5.038294797687861,-17.847887666666665,5.963830122116689,-5.779399447004609,6.142103105320304,30.2097302010582,3.654191746887967,10.733150721893491,16.815901360544217,21.846007234042553,4.909844342857143,2.9323375396226417
evToFreeCashFlow,28.157641150498975,20.489588448207893,17.794625070732458,18.628212814153823,13.274689415294315,10.154102931009774,13.327445490981964,11.132490988293338,13.513932462585034,12.310920743691193,16.65216462304237,19.94034997585513,8.479617308562581,34.62218762265834,41.06353025975688,19.851339530549453,20.377879440633244,38.552730208,-44.18422619047619,-87.24841012765957,8.44004990264256,15.91253253262317,7.558357318497913,-7.365668594377511,5.785121681415929,-10.735571528822055,7.617578509532063,-4.354616944444445,7.791841542699725,-196.88410372413793,4.760325464864865,20.304878417910448,32.95916666666667,40.265189803921565,6.236294225806452,3.6827935924170614
earningsYield,0.02875781992128926,0.047724509234188035,0.05609658983279221,0.055222811196344194,0.07060180957213023,0.07995208393535408,0.06139015560143684,0.07501973278524283,0.07309363893587602,0.06819953587170355,0.04906705712087549,0.04484088325683153,0.05818604006126384,0.02123964052557265,0.028183064686656115,0.027439326625891842,0.01498742960619894,0.00839917630636439,0.011509568435451242,-0.004102614410463049,0.11294083761764677,0.04631516282511018,0.0518329497126961,-0.5004665881130479,-0.26914038342609775,0.09916984919241034,0.06197096288563031,0.024110482277709167,0.08874931676422215,0.050286805050174965,0.12583978705021398,0.07797060157143915,0.07998600244957133,0.046446427098535616,0.07255249682897534,0.05475421672276216
freeCashFlowYield,0.03674935915635308,0.05086837078067066,0.06042178758409013,0.05913229978448273,0.08267089120932107,0.10448545740796975,0.07753401074441149,0.09031859721073461,0.07260498187160772,0.07913114113159585,0.05768434303927087,0.0487123912101536,0.10107326818254705,0.027242147630625782,0.022146872853314986,0.04675990117895426,0.041161129135865206,0.015215899105732589,-0.01487390382427545,-0.007712915091670533,0.10331356519985754,0.05787468765666846,0.12060806098196925,-0.1192499334355492,0.14908266336837767,-0.09332257034851821,0.11534595350002802,-0.23944203089587032,0.12156981881287789,-0.004704249504693787,0.1960451419308597,0.04602669872499051,0.029994750918589247,0.021831961124657295,0.11683778710120706,0.1893957332541445
debtToEquity,3.957039440456695,2.7410043320661304,2.4133013523477094,1.7999060031183092,1.5082924623193943,1.432616982950023,1.0783974468161404,0.6754486074351067,0.48941713898993316,0.5189062194087319,0.5731623108953569,0.5012958280657396,0.8816928197812649,0.7442196531791907,0.7232572115384616,0.5471470667023841,0.5858944050433412,0.6137816717973005,0.537973137973138,0.5359693877551021,0.6564402240077916,0.6626932989690721,1.6120584652862362,2.5275,1.6064139941690962,1.1478800413650465,1.224926563155686,1.552319842053307,0.9309556470050298,0.9773627617430674,1.056668970283345,0.8465679676985195,1.0757726819541376,0.7667464114832536,0.6714697406340058,0.7018181818181818
debtToAssets,0.7982666847799239,0.7326921031797611,0.7070285050242668,0.6428451530564666,0.6013224075651412,0.5889200778384336,0.5188600709975457,0.4031449275362319,0.32859641948382406,0.34163150613125265,0.36433768272082784,0.3339087598155828,0.468563630850096,0.4266777133388567,0.41970357454228424,0.35364903471560905,0.3694409937888199,0.38033749082905355,0.3497935852651635,0.3489453579139678,0.39629575187417315,0.39856616934702577,0.617160177197482,0.7165131112686038,0.616331096196868,0.5344246509388542,0.5504431453894022,0.6081995745503771,0.48200757575757575,0.4942759015455066,0.5137768817204301,0.4584548104956268,0.5182516810758886,0.43369418132611637,0.4017241379310345,0.41239316239316237
netDebtToEBITDA,0.8976003309888291,0.5978866357195212,0.9326678044560821,1.1609789862738185,0.8597493624971022,0.48172297497189515,0.3470305599145811,0.04734609451689805,-0.1787187333688132,-0.268624445782473,-0.5665056846765268,-0.39850079503293706,-1.4804887171175665,-1.5659745478901541,-1.8597614198428862,-1.6035829122645844,-4.956594323873122,-11.395973154362416,-7.2781954887218046,-5.913946587537092,-0.5144341801385681,-0.9430147058823529,-1.0173745173745175,0.27729257641921395,0.36611062335381916,0.009378663540445486,-0.9032738095238095,0.4230769230769231,-0.2775330396475771,-0.6463068181818182,-0.25661914460285135,-0.43843498273878023,-0.0776566757493188,-1.1746361746361746,-1.5955678670360112,-2.080246913580247
currentRatio,1.3636044481554577,1.540125617208044,1.1329261875803294,1.2760628484139107,1.352669417512594,1.1087706239920605,1.0801128483167317,1.6786385084062485,1.4958486845519174,1.6084376117268502,2.0112923462986196,2.7424821832087605,2.4616803860346295,2.361114098290139,2.2421573172616287,2.9563719862227327,2.6324626865671643,2.4976665252439543,3.249698431845597,3.388010540184453,2.8075530263838595,2.7663008392511297,2.432894736842105,1.8833883388338835,2.254118821767349,2.2468817204301077,2.302469135802469,1.729665071770335,2.4950911640953715,2.353327855382087,2.3398247322297956,2.5631284916201116,2.1559854897218864,2.7286012526096033,3.164133738601824,2.7864406779661017
interestCoverage,,18.382829977628635,22.500925925925927,27.588893671975892,42.1510989010989,98.92905866302866,139.27864583333334,368.7867647058824,51.252757352941174,65.90558766859345,59.61414790996785,29.646191646191646,10.55895865237366,7.740340030911901,7.152284263959391,9.918032786885245,5.803030303030303,1.0,1.3384615384615384,-0.18772563176895307,1.9640287769784173,2.067278287461774,4.217948717948718,-95.0,,12.961538461538462,125.0,2.413793103448276,13.571428571428571,,,,,,,
incomeQuality,1.405201093867029,1.2558093238743304,1.300734071324184,1.3283075841244234,1.4496683958237573,1.5220062179271079,1.511338901543913,1.448983448983449,1.2186039824599237,1.4477663760512307,1.326982088061086,1.2336369156041287,1.9851055026892843,1.5646453089244852,1.1161387631975868,1.898876404494382,3.3840579710144927,4.188405797101449,1.3846153846153846,-7.4,1.0508905852417303,1.3277870216306156,2.5080906148867315,-0.1799043062200957,-0.6360294117647058,-0.5660377358490566,2.3774193548387097,-7.482758620689655,1.7377358490566037,0.6096774193548387,2.0294736842105263,1.1167400881057268,0.735,0.8663594470046083,2.0454545454545454,4.344262295081967
dividendYield,0.007053332328502797,0.012194555267798987,0.0129209393389536,0.014583774403137868,0.018775844032249488,0.017311421552545763,0.017287442956759966,0.021397749740618983,0.004357630021145365,,,,,,,,,,,,,,,,0.004617604617604618,0.013565686917829717,0.011394660917680412,0.015519390891399002,0.009544737840680495,0.00924628350922572,0.014305996843603274,0.008587070657647484,0.007998600244957133,0.0032105825183319546,,
payoutRatio,0.24526658654264863,0.25551976255972203,0.23033377567989788,0.264089677566131,0.26593998292730975,0.2165224557066337,0.2815995950392306,0.28522828522828525,0.05961708959336736,0.0,0.0,0.0,0.0,0.0,0.0,0.0,0.0,0.0,0.0,0.0,0.0,0.0,0.0,0.0,-0.01715686274509804,0.13679245283018868,0.18387096774193548,0.6436781609195402,0.10754716981132076,0.18387096774193548,0.11368421052631579,0.11013215859030837,0.1,0.06912442396313365,0.0,0.0
salesGeneralAndAdministrativeToRevenue,0.0,0.0,0.0,0.0,0.0,0.0,0.0,0.0,0.0,0.0,0.0,0.0,0.0,0.0,0.0,0.0,0.0,0.0,0.0,0.0,0.0,0.0,0.0,0.0,0.0,0.0,0.0,0.0,0.0,0.0,0.0,0.0,0.0,0.0,0.0,0.0
researchAndDdevelopementToRevenue,0.06830956414039306,0.06233136285716482,0.05360040663416103,0.05052042890670668,0.046582482760539605,0.034516398177267184,0.03304794988922016,0.02618337136504593,0.02160272957292918,0.022439006364954873,0.027320812571866616,0.031068640018645847,0.0341451399365744,0.032575189535949345,0.036862542065752006,0.038331778048955566,0.05906510448121754,0.07588206863218946,0.0776732845698363,0.08017900428864441,0.04760115244895403,0.051190088033909356,0.051001514896482074,0.0684931506849315,0.06142581104444218,0.055505333574398845,0.0613777342474698,0.08336467343612887,0.08494426414561874,0.09240767158028214,0.086002159050018,0.07948523845571537,0.06705969049373618,0.07215332581736189,0.06729758149316509,0.038060479666319084
intangiblesToTotalAssets,0.0,0.0,0.0,0.02135516720443143,0.02679631690530517,0.031028603902254214,0.037776215390853136,0.027806763285024155,0.030437795347146492,0.038085089927903,0.014404852160727824,0.011768173301614704,0.014126149802890934,0.013295459028681894,0.01028770706190061,0.011600727209765389,0.01515527950310559,0.01599413059427733,0.018894887265798667,0.01262248795881083,0.0,0.0,0.0,0.0,0.0,0.0,0.0,0.0,0.0,0.0,0.0,0.0,0.0,0.0,0.0,0.0
capexToOperatingCashFlow,11.037624846080176,-6.611815150071463,-5.816420040561857,-5.158220223275239,-5.201115124862572,-7.0739902506963785,-6.085091205543667,-5.9129572498898195,-5.409061901723038,-5.036097691894794,-8.767090994813767,-8.37510305028854,-8.003336113427856,-5.547667342799189,-3.3789954337899544,-9.75,-5.306818181818182,-1.7621951219512195,-0.5172413793103449,-0.7974137931034483,-7.719626168224299,-16.97872340425532,-13.839285714285714,-0.4302059496567506,-7.746268656716418,1.509433962264151,-4.60625,3.056338028169014,-4.723076923076923,-0.8669724770642202,-4.303571428571429,-2.1213389121338913,-2.0416666666666665,-2.186046511627907,-4.701492537313433,-4.907407407407407
capexToRevenue,37.55848953345191,-24.790281086231538,-19.950048824457298,-18.410890691510723,-16.934113397204335,-20.344272284122564,-18.627840619586262,-18.83098281181137,-16.646245479685174,-14.526167471819646,-30.752003771805754,-35.37098103874691,-27.0884070058382,-24.34685598377282,-29.398782343987822,-53.58076923076923,-47.03977272727273,-37.84756097560975,-33.0,-23.11637931034483,-74.60747663551402,-130.51063829787233,-106.08928571428571,-16.20366132723112,-146.76119402985074,-69.57232704402516,-57.43125,-37.45070422535211,-36.343589743589746,-28.940366972477065,-24.8125,-22.10878661087866,-28.270833333333332,-30.941860465116278,-28.388059701492537,-35.51851851851852
capexToDepreciation,1.51265563004515,-1.1955216769890424,-0.8189739352512582,-0.815757770460204,-0.8249568085440553,-0.9798920612813371,-0.8097421787424844,-0.7444909651828999,-0.34854286322059136,-0.24342458400429415,-0.4842055634134842,-0.605111294311624,-0.3944954128440367,-0.32150101419878296,-0.3424657534246575,-0.6884615384615385,-0.8522727272727273,-0.6890243902439024,-0.6551724137931034,-0.43103448275862066,-0.7850467289719626,-1.8085106382978724,-1.9821428571428572,-0.2700228832951945,-2.328358208955224,-0.7987421383647799,-1.05,-0.7793427230046949,-1.1128205128205129,-0.9357798165137615,-0.90625,-0.5230125523012552,-0.5416666666666666,-0.8255813953488372,-0.7611940298507462,-0.7777777777777778
stockBasedCompensationToRevenue,0.024876600550061016,0.0233228531674956,0.020105800184491426,0.021113796382735545,0.01952337007684139,0.015343473889138481,0.01566235400311825,0.013182376689485695,0.011117642548623713,0.010789938013284187,0.013476427750095821,0.016548187856893135,0.015887188644970598,0.01008081313005082,0.008439037017861766,0.0030148589476706625,0.0039859886459717355,0.0025777348155308524,0.0,0.0,0.0,0.0,0.0,0.0,0.0,0.0,0.0,0.0,0.0,0.0,0.0,0.0,0.0,0.0,0.0,0.0
grahamNumber,16.74258602902124,18.0370315552836,18.941457448665766,18.178719969569002,16.50325859124679,16.34139408831656,12.857290911850143,12.299515137220196,12.587429304576776,8.059669628990534,4.740938053177845,3.0149212986200253,1.8933498614781359,1.357814113488158,0.8602415793615088,0.6242834827298753,0.25887320599438646,0.12578646230580215,0.1207912427251812,0.07671648276977422,0.4223220154667214,0.3321059102017735,0.17964472075025942,0.3761883401478564,0.44350221518728977,0.3817673946814269,0.3065367059681898,0.1490610402597935,0.37221980220349776,0.2605903364311831,0.279061352605758,0.27033628212691524,0.20652300179083224,0.1370650665163905,0.1076285910158024,0.06266845264385998
roic,0.30705825278265964,0.28237785547985805,0.29185014972217327,0.23347115717382197,0.25289269820339544,0.34574582210885163,0.31761198638882127,0.3070551358499345,0.40548421343494134,0.38693001210393546,0.3404270946181671,0.3352132240588971,0.2706043956043956,0.3120638085742772,0.2625302776225079,0.22499070286351805,0.07132216014897579,0.02063705697622252,0.01875,-0.011547856984232734,0.22422997946611908,0.18715393133997785,0.11881545684362586,-0.432712215320911,-0.3853019934543291,0.17255504352278545,0.14885382554331647,0.05257228689447991,0.3055754110078628,0.21958717610891523,0.39969214982042073,0.40237966468361275,0.5227091633466135,0.41041041041041043,0.3730445246690734,0.187207488299532
returnOnTangibleAssets,0.1772557180259843,0.16323009842961633,0.16277530931710985,0.131637553634047,0.14593408418672102,0.18978730059430715,0.1771105562553512,0.18404026952356345,0.2444743856360388,0.2315725529082804,0.18910931174089068,0.17542925312087257,0.12390741547689232,0.1397840863654538,0.11680761099365751,0.1169308925286853,0.03481331987891019,0.010289293170295259,0.010519501537465609,-0.004205214465937763,0.11553726297221814,0.11645030032939353,0.0720447656796456,-0.2468698322702575,-0.15212527964205816,0.06804686246188413,0.058457476899868,0.01682459872365113,0.12547348484848486,0.08872352604464796,0.15961021505376344,0.16545189504373178,0.19212295869356388,0.14682002706359945,0.13275862068965516,0.06517094017094018
grahamNetNet,-8.845346208148987,-5.9726327423206245,-7.677470131151141,-6.56496753808106,-4.692567070664208,-4.551009577134331,-3.0109933855952966,-1.0174122201778595,-0.5406717545715581,-0.17646217782522494,0.23932102579947473,0.45768034336115926,0.3852137767220903,0.3118775100401606,0.20990354875468012,0.21854677338669334,0.1534489118406492,0.1265720180782079,0.1273568608094768,0.13380863814837776,0.10219276511397424,0.0866183104367439,0.02170618885580604,-0.04102337110481587,-0.007792207792207792,-0.003066037735849057,0.005093984962406015,-0.03465568862275449,0.036825801749271136,0.013528058194774347,0.015398807834232189,0.02659242298084929,0.02215081110805609,0.023168249660786976,0.025107579122709604,0.014389786497403348
workingCapital,38321000000.0,57101000000.0,15410000000.0,27831000000.0,27863000000.0,8768000000.0,5083000000.0,29628000000.0,19111000000.0,17018000000.0,20956000000.0,20049000000.0,20598000000.0,12657000000.0,8038000000.0,6816000000.0,4375000000.0,3530000000.0,3730000000.0,3625000000.0,3494000000.0,2736000000.0,2178000000.0,1606000000.0,2512000000.0,2899000000.0,2532000000.0,1830000000.0,2132000000.0,1647000000.0,1376000000.0,1399000000.0,956000000.0,828000000.0,712000000.0,527000000.0
tangibleAssetValue,,,,126032000000.0,119629000000.0,110346000000.0,102789000000.0,117793000000.0,112851000000.0,72183000000.0,46708000000.0,31081000000.0,20471000000.0,14195000000.0,9807000000.0,7332000000.0,4954000000.0,4114000000.0,3976000000.0,3844000000.0,,,,,,,,,,,,,,,,
netCurrentAssetValue,-114836000000.0,-85209000000.0,-127239000000.0,-112627000000.0,-86568000000.0,-81612000000.0,-51761000000.0,-10165000000.0,-201000000.0,5232000000.0,14286000000.0,15694000000.0,16148000000.0,11141000000.0,7288000000.0,6215000000.0,4081000000.0,3295000000.0,3185000000.0,3042000000.0,2731000000.0,2228000000.0,1051000000.0,391000000.0,1209000000.0,1894000000.0,1557000000.0,1193000000.0,1522000000.0,1137000000.0,874000000.0,1036000000.0,704000000.0,666000000.0,575000000.0,436000000.0
investedCapital,,,,,,,,,,,,,,,,,,,,,,,,,,,,,,,,,,,,
averageReceivables,30962000000.0,45804000000.0,47399500000.0,40738500000.0,37551500000.0,38073500000.0,36511500000.0,33222500000.0,32248000000.0,28760500000.0,27864000000.0,25430500000.0,25254000000.0,24916500000.0,24324500000.0,23558000000.0,23427000000.0,23285000000.0,23184500000.0,23135000000.0,23378500000.0,23242500000.0,23379500000.0,23419500000.0,23650000000.0,23867500000.0,23692500000.0,23593000000.0,23445500000.0,23355500000.0,23283000000.0,23298500000.0,23132500000.0,23105000000.0,23033500000.0,23012000000.0
averagePayables,44266000000.0,46236000000.0,51062000000.0,45239000000.0,41765000000.0,40863000000.0,38216000000.0,34301500000.0,33705500000.0,30434000000.0,29125500000.0,25918500000.0,25878000000.0,25603000000.0,24813000000.0,24007500000.0,23843500000.0,23695000000.0,23573500000.0,23518500000.0,23696500000.0,23524000000.0,23477500000.0,23460500000.0,23513500000.0,23700500000.0,23559000000.0,23489500000.0,23331500000.0,23296500000.0,23288500000.0,23285000000.0,23159500000.0,23221000000.0,23177000000.0,23155500000.0
averageInventory,4083500000.0,4106000000.0,4031000000.0,4480500000.0,3119000000.0,3227500000.0,3108500000.0,2935000000.0,2448500000.0,2441000000.0,2578500000.0,2280500000.0,2307500000.0,2226000000.0,2188000000.0,2135500000.0,2103500000.0,2081000000.0,2075500000.0,2058500000.0,2069500000.0,2063000000.0,2092000000.0,2271500000.0,2384000000.0,2940500000.0,2597000000.0,2806500000.0,2343000000.0,2389000000.0,2230500000.0,2290500000.0,2097500000.0,2166000000.0,2107500000.0,2136500000.0
daysSalesOutstanding,21.433437152796753,64.25876528784583,67.33249872926825,56.80067093014126,49.59276846952546,47.387608839826285,54.35014633879483,44.08147563044877,43.5925320111432,39.508032406765885,55.53484093522422,43.02074350308822,52.86369654238123,61.259060234941266,53.762619725601866,34.37513459191731,46.29182268389902,45.044304817141935,35.91518634622083,31.715457766175646,43.573218088437926,40.52249755461363,58.67278235987208,53.350515463917525,55.53137394487949,63.71497016814319,62.79954293176624,63.23555221261126,55.98349089882884,52.473450626089715,50.041381792011514,54.77763058289175,41.332596413657576,55.689590379556556,50.470557308096744,41.86652763295099
daysPayablesOutstanding,91.04818971567418,104.31407696777144,124.57021422115831,114.48818841812715,103.61336926074777,92.46871631605622,98.18044148301234,76.58063336022363,87.98209366391185,82.88991324052087,110.90956222654967,79.59992991472959,94.44079872503984,114.43666414332576,90.20558431143836,65.6689927184466,87.97591362126245,93.62302733940875,80.3370379318676,70.8248546511628,72.59841842874334,66.78233438485805,58.81555356342447,43.76422194993874,32.567963902989284,51.83142369575816,47.03140978816655,51.66603162507144,39.05161613630669,39.31955340977671,47.76093630084421,45.23562152133581,15.215971873430437,58.016975308641975,48.33894500561168,24.485688729874777
daysOfInventoryOnHand,8.741883356235881,9.263638723714628,8.817631109699796,12.563630820713515,5.923304104250396,6.120287817030602,6.863786990682178,6.039622535316962,3.286603829428773,4.3960205491145565,9.701702030803471,6.466339602071409,8.708399737508202,7.966818067120868,7.184515564627834,6.090716019417476,6.12375415282392,4.543231829295399,3.968349842957236,0.9726259689922481,2.070654976792161,1.644885083370888,6.380546839982071,27.919656922807633,27.256627185561197,78.97062408581179,58.016070124178235,104.79234139836159,53.0443497870208,74.0132770066385,49.72179585571757,64.33209647495362,16.31592164741336,63.64969135802469,44.652076318742985,54.521466905187836
receivablesTurnover,17.029466501240694,5.68015893808401,5.42085927135422,6.425980433380988,7.359944025393358,7.702435487591866,6.715713288511702,8.280122087108182,8.372993794136528,9.238627635060169,6.572450624748085,8.484279216927032,6.9045493197278915,5.958302308265078,6.789103690685413,10.618140243902438,7.884761904761905,8.10313315926893,10.16283185840708,11.508583690987125,8.376705141657922,9.00734214390602,6.220942408376963,6.841545893719807,6.572860962566845,5.728638011393061,5.8121442125237195,5.772069464544139,6.519779208831647,6.955898566703418,7.293963254593176,6.663303909205548,8.830802603036876,6.554187192118227,7.231939163498099,8.718181818181819
payablesTurnover,4.008866086627577,3.4990483605848257,2.9300744345834526,3.188101803715926,3.5227114281117604,3.947280924204001,3.71764472115512,4.766218089149193,4.148571428571429,4.40343083652269,3.2909696213067,4.585431173004821,3.8648550724637682,3.1895372233400403,4.046312684365781,5.558178752107926,4.148862853204687,3.898613518197574,4.543358946212953,5.153558052434457,5.027657735522904,5.4655172413793105,6.205841446453407,8.34014598540146,11.207332490518331,7.04206008583691,7.76077097505669,7.064602960969045,9.346604215456674,9.282913165266107,7.642228739002933,8.068862275449101,23.987951807228917,6.29126213592233,7.5508474576271185,14.906666666666666
inventoryTurnover,41.75301649839941,39.40136385776912,41.3943377148635,29.05211122554068,61.62101313320826,59.63771817794807,53.17764092846992,60.43424036281179,111.05689001264223,83.02963917525773,37.62226450999049,56.44615384615385,41.913555992141454,45.8150289017341,50.803703703703704,59.92727272727273,59.603960396039604,80.33928571428571,91.97777777777777,375.27272727272725,176.27272727272728,221.9,57.205128205128204,13.073226544622425,13.391238670694865,4.621971830985916,6.291360294117647,3.48307896483079,6.88103448275862,4.931547619047619,7.340845070422535,5.673684210526316,22.370786516853933,5.734513274336283,8.174311926605505,6.6946107784431135
roe,0.8786635853012749,0.6106445053487756,0.5556011834209077,0.3607018433832909,0.3562366958026963,0.44735453060198566,0.3542004715501089,0.29977579745687943,0.35304119786820065,0.3383410559289956,0.2932142035111213,0.2602718078381795,0.22986210175939134,0.24057252958987063,0.19921875,0.17881060809000804,0.054373522458628844,0.01633909542978925,0.015873015873015872,-0.006377551020408163,0.19138056975894813,0.19362113402061856,0.1881851400730816,-0.8708333333333333,-0.3965014577259475,0.14615649775939332,0.13008812421317667,0.042941757156959526,0.2423411065386374,0.17543859649122806,0.3282653766413269,0.30551816958277256,0.3988035892323031,0.2595693779904306,0.2219020172910663,0.11090909090909092
capexPerShare,0.4212165672676634,-0.5643792430617652,-0.6656354891463366,-0.592713738734107,-0.5787886109818753,-0.4957648527921901,-0.4006614404703577,-0.34789941735663904,-0.3552213994257216,-0.28412383712063444,-0.08191719450023173,-0.04776342731138762,-0.04746634996041172,-0.03959839357429719,-0.026737750284877095,-0.010838752709688178,-0.008115086683880487,-0.008056592650815484,-0.008588351431391906,-0.011985947509816079,-0.005302279484638256,-0.002409267992618413,-0.0029774564015312634,-0.03094900849858357,-0.004834054834054834,-0.011538461538461539,-0.012030075187969926,-0.01594311377245509,-0.014212827988338192,-0.01618171021377672,-0.015895543570820323,-0.016583402719955592,-0.009898267803134452,-0.0058344640434192675,-0.004650194336479734,-0.0038949798038084246
